12345678,Juan Carlos,García,López
87654321,María Fernanda,Rodríguez,Martínez
45678912,Carlos Alberto,Mendoza,Silva
78912345,Ana Lucía,Torres,Vargas
32165498,Roberto José,Ramírez,Castillo
65498732,Luisa María,Herrera,Rojas
98732165,Pedro Pablo,Sánchez,Morales
15975346,Carmen Rosa,Díaz,Flores
75315948,Miguel Ángel,Vega,Gutiérrez
48261597,Sofía Isabel,Castro,Ramos
X12345678,Diego Armando,Vargas,Salazar
Y87654321,Valentina,Morales,Paredes
Z98765432,Andrés Felipe,Guerrero,Mendoza
AB1234567,Isabella,Rojas,Torres
CD9876543,Santiago,Mendoza,Vargas
EF4567891,Camila,Castillo,Herrera
123456789,Sebastián,Ramos,Díaz
987654321,Mariana,Salazar,Vega
456789123,Nicolás,Paredes,Castro
12345-1990,Daniela,Gutiérrez,Sánchez
67890-1985,Alejandro,Flores,Morales
EXT123456,Gabriela,Rojas,Torres
EXT789012,Martín,Vargas,Salazar
REF456789,Luciana,Mendoza,Vargas
PTP123456,Mateo,Castillo,Herrera
DPI789012,Emilia,Ramos,Díaz
DIP456789,Benjamín,Salazar,Vega
98765432,Victoria,Paredes,Castro
POL123456,Joaquín,Gutiérrez,Sánchez
MIL789012,Renata,Flores,Morales
12345678,Thiago,Rojas,Torres
24681357,Antonella,Vargas,Salazar
13579246,Jerónimo,Mendoza,Vargas
97531864,Mía,Castillo,Herrera
86429753,Felipe,Ramos,Díaz
765432109,Raúl,Figueroa,Aguilar
23456-1992,Silvia,Gálvez,Cano
78901-1988,Tomás,Hidalgo,Orozco
EXT987654,Úrsula,Ibarra,Peña
EXT543210,Víctor,Jaramillo,Serrano
REF987654,Wendy,Kohan,Vargas
PTP987654,Xavier,Luna,Acosta
DPI987654,Yolanda,Marín,Cruz
DIP987654,Zacarías,Navarro,Reyes
12345678,Adriana,Ochoa,Fuentes
POL987654,Bruno,Palacios,Guerrero
MIL987654,Claudia,Quintero,Molina
87654321,Daniel,Romero,Vega
36475829,Elena,Suárez,Castillo
25364758,Francisco,Terrazas,Mendoza
77665544,CARLOS,ACUÑA,ALARCÓN
70998811,PEDRO,CASTILLO,GOMEZ
